{"cameraMode":{"drawMode":0,"name":"Shaded","section":"Shading Mode"},"sceneLighting":true,"audioPlay":false,"sceneViewState":{"showFog":true,"showMaterialUpdate":false,"showSkybox":true,"showFlares":true,"showImageEffects":true,"showParticleSystems":true},"in2DMode":false,"pivot":{"x":19.590438842773439,"y":-1.6536368131637574,"z":5.675277233123779},"rotation":{"x":0.051332585513591769,"y":0.6083150506019592,"z":-0.039496585726737979,"w":0.7911230325698853},"size":10.0,"orthographic":false}